{
  "riscv-core/tests/gen_hex.py": 1776539752.3645911,
  "riscv-core/tests/gen_hex_2.py": 1776540125.269471,
  "riscv-core/src/decoder.v": 1776541492.1765804,
  "riscv-core/src/imem.v": 1776541636.80531,
  "riscv-core/src/fetch.v": 1776541527.1437778,
  "riscv-core/src/ex_mem.v": 1776575925.3513174,
  "riscv-core/src/top.v": 1776541616.6792214,
  "riscv-core/src/dmem.v": 1776541650.7683694,
  "riscv-core/src/id_ex.v": 1776575899.1443021,
  "riscv-core/src/mem_wb.v": 1776575945.046545,
  "riscv-core/src/if_id.v": 1776575869.831339,
  "riscv-core/src/regfile.v": 1776541549.9378986,
  "riscv-core/src/alu.v": 1776541383.84087,
  "riscv-core/sim/test_alu.py": 1776331237.1797647,
  "riscv-core/sim/tb_fetch.v": 1776155380.3930879,
  "riscv-core/sim/tb_top.v": 1776330023.9974856,
  "riscv-core/sim/test_top.py": 1776540901.8968825,
  "riscv-core/sim/tb_alu.v": 1776155238.9342315,
  "riscv-core/sim/tb_decoder.v": 1776176200.9299104,
  "riscv-core/obj_dir/Vtb_top__Syms.h": 1776510852.638761,
  "riscv-core/obj_dir/Vtb_alu__main.cpp": 1776160890.521853,
  "riscv-core/obj_dir/Vtb_fetch.cpp": 1776326213.7052133,
  "riscv-core/obj_dir/Vtb_alu__Trace__0__Slow.cpp": 1776160890.520853,
  "riscv-core/obj_dir/Vtb_top.cpp": 1776510852.638761,
  "riscv-core/obj_dir/Vtb_top__pch.h": 1776510852.639761,
  "riscv-core/obj_dir/Vtb_fetch__Syms.h": 1776326213.7052133,
  "riscv-core/obj_dir/Vtb_alu__Syms__Slow.cpp": 1776160890.514853,
  "riscv-core/obj_dir/Vtb_alu___024root__0.cpp": 1776160890.5198529,
  "riscv-core/obj_dir/Vtb_fetch__Syms__Slow.cpp": 1776326213.7052133,
  "riscv-core/obj_dir/Vtb_alu__pch.h": 1776160890.515853,
  "riscv-core/obj_dir/Vtb_top___024root__0.cpp": 1776510852.6417608,
  "riscv-core/obj_dir/Vtb_decoder.h": 1776261795.938443,
  "riscv-core/obj_dir/Vtb_decoder__Syms.h": 1776261795.938443,
  "riscv-core/obj_dir/Vtb_decoder__TraceDecls__0__Slow.cpp": 1776261795.942443,
  "riscv-core/obj_dir/Vtb_fetch__main.cpp": 1776326213.7072139,
  "riscv-core/obj_dir/Vtb_alu__Trace__0.cpp": 1776160890.520853,
  "riscv-core/obj_dir/Vtb_top__ALL.cpp": 1776510852.7567601,
  "riscv-core/obj_dir/Vtb_fetch___024root.h": 1776326213.7052133,
  "riscv-core/obj_dir/Vtb_top__main.cpp": 1776510852.643761,
  "riscv-core/obj_dir/Vtb_decoder___024root.h": 1776261795.938443,
  "riscv-core/obj_dir/Vtb_decoder__Syms__Slow.cpp": 1776261795.938443,
  "riscv-core/obj_dir/Vtb_fetch__ALL.cpp": 1776326213.916258,
  "riscv-core/obj_dir/Vtb_alu___024root__0__Slow.cpp": 1776160890.516853,
  "riscv-core/obj_dir/Vtb_alu__ALL.cpp": 1776160890.661851,
  "riscv-core/obj_dir/Vtb_alu__TraceDecls__0__Slow.cpp": 1776160890.520853,
  "riscv-core/obj_dir/Vtb_decoder__main.cpp": 1776261795.943443,
  "riscv-core/obj_dir/Vtb_top__Syms__Slow.cpp": 1776510852.638761,
  "riscv-core/obj_dir/Vtb_fetch___024root__0__Slow.cpp": 1776326213.7062137,
  "riscv-core/obj_dir/Vtb_fetch___024root__0.cpp": 1776326213.7062137,
  "riscv-core/obj_dir/Vtb_alu___024root.h": 1776160890.515853,
  "riscv-core/obj_dir/Vtb_top___024root__0__Slow.cpp": 1776510852.640761,
  "riscv-core/obj_dir/Vtb_fetch__Trace__0__Slow.cpp": 1776326213.7072139,
  "riscv-core/obj_dir/Vtb_top__Trace__0.cpp": 1776510852.643761,
  "riscv-core/obj_dir/Vtb_fetch__Trace__0.cpp": 1776326213.7072139,
  "riscv-core/obj_dir/Vtb_top___024root__Slow.cpp": 1776510852.639761,
  "riscv-core/obj_dir/Vtb_decoder__pch.h": 1776261795.938443,
  "riscv-core/obj_dir/Vtb_decoder__Trace__0__Slow.cpp": 1776261795.942443,
  "riscv-core/obj_dir/Vtb_top.h": 1776510852.638761,
  "riscv-core/obj_dir/Vtb_decoder__Trace__0.cpp": 1776261795.943443,
  "riscv-core/obj_dir/Vtb_top___024root.h": 1776510852.639761,
  "riscv-core/obj_dir/Vtb_top__Trace__0__Slow.cpp": 1776510852.642761,
  "riscv-core/obj_dir/Vtb_decoder___024root__Slow.cpp": 1776261795.938443,
  "riscv-core/obj_dir/Vtb_fetch__pch.h": 1776326213.7052133,
  "riscv-core/obj_dir/Vtb_alu___024root__Slow.cpp": 1776160890.516853,
  "riscv-core/obj_dir/Vtb_decoder__ALL.cpp": 1776261796.076442,
  "riscv-core/obj_dir/Vtb_decoder___024root__0__Slow.cpp": 1776261795.9394429,
  "riscv-core/obj_dir/Vtb_fetch__TraceDecls__0__Slow.cpp": 1776326213.7072139,
  "riscv-core/obj_dir/Vtb_decoder___024root__0.cpp": 1776261795.941443,
  "riscv-core/obj_dir/Vtb_decoder.cpp": 1776261795.938443,
  "riscv-core/obj_dir/Vtb_alu__Syms.h": 1776160890.514853,
  "riscv-core/obj_dir/Vtb_alu.cpp": 1776160890.515853,
  "riscv-core/obj_dir/Vtb_alu.h": 1776160890.515853,
  "riscv-core/obj_dir/Vtb_fetch.h": 1776326213.7052133,
  "riscv-core/obj_dir/Vtb_top__TraceDecls__0__Slow.cpp": 1776510852.642761,
  "riscv-core/obj_dir/Vtb_fetch___024root__Slow.cpp": 1776326213.7062137,
  "riscv-core/sim_build/Vtop__Syms.h": 1776541670.6084507,
  "riscv-core/sim_build/Vtop__TraceDecls__0__Slow.cpp": 1776541670.6124508,
  "riscv-core/sim_build/Vtop___024root.h": 1776541670.6094508,
  "riscv-core/sim_build/Vtop___024root__0.cpp": 1776541670.6114507,
  "riscv-core/sim_build/Vtop.cpp": 1776541670.6094508,
  "riscv-core/sim_build/Vtop__ALL.cpp": 1776541670.7524514,
  "riscv-core/sim_build/Vtop.h": 1776541670.6094508,
  "riscv-core/sim_build/Vtop__Dpi.cpp": 1776541670.6094508,
  "riscv-core/sim_build/Vtop___024root__Slow.cpp": 1776541670.6094508,
  "riscv-core/sim_build/Vtop__Syms__Slow.cpp": 1776541670.6084507,
  "riscv-core/sim_build/Vtop___024root__0__Slow.cpp": 1776541670.6104507,
  "riscv-core/sim_build/Vtop__ConstPool__0__Slow.cpp": 1776538410.2640166,
  "riscv-core/sim_build/Vtop__Trace__0.cpp": 1776541670.6134508,
  "riscv-core/sim_build/Vtop__Trace__0__Slow.cpp": 1776541670.6124508,
  "riscv-core/sim_build/Vtop__Dpi.h": 1776541670.6094508,
  "riscv-core/sim_build/Vtop__pch.h": 1776541670.6094508,
  "BoseRV_AI_Context.md": 1776533645.7368972,
  "implementation_plan.md": 1776408260.6133966,
  "README.md": 1776533613.3121195,
  "BoseRV_Dashboard.md": 1776510118.5029569,
  "B4_Checklist.md": 1776512554.7193284,
  "CLAUDE.md": 1776574521.8418262,
  "riscv-core/MODULE3_TODO.md": 1776575985.406884,
  "graphify-out/GRAPH_REPORT.md": 1776576335.0467815,
  "graphify-out/graph.html": 1776576342.5743816
}